deploy_id,project,environment,deployed_at,rolled_back_at,run_id,registry_model_name,registry_version,ci_pipeline_id,strategy,traffic_shift_percent,status,failure_stage,failure_reason,initiated_by,kubernetes_namespace,image_tag
1a4b6e4a-9b5e-4457-9f1b-a6623d3f97c1,fraud_detection,staging,2024-09-25T12:36:48.875288,,c10458f7-8c0d-4079-ab32-587588389957,fraud_detection_model,2,ci-739b0fc,rolling,100,success,,,auto_retrain,ml-staging,fraud-detection-service:2.0.12
a512fc7d-d501-48b0-948d-f3a77dc5ffaf,rag_qa_service,dev,2024-04-07T06:23:49.197020,,07726319-78a3-4e6e-b69b-ee33a7fb5aa2,rag_qa_service_model,20,ci-7b52b3c,rolling,100,success,,,security_patch,ml-dev,rag-qa-service-service:20.9.0
52bd4f11-797c-4cba-9840-b0b7701ad978,energy_forecasting,dev,2024-03-18T18:01:21.536274,,0067edd7-fbb9-4490-8524-52bc928102fa,energy_forecasting_model,16,ci-e6e373f,rolling,100,success,,,user,ml-dev,energy-forecasting-service:16.2.17
9de70f18-b9d1-4c60-ae8b-3313f99837bf,fraud_detection,prod,2024-04-23T11:55:44.502054,,4e9f8422-a5b3-452b-a883-32c0e507c15d,fraud_detection_model,6,ci-87edd72,rolling,100,success,,,auto_retrain,ml-prod,fraud-detection-service:6.9.6
4a4f3706-534f-40f8-95c4-67812da7185a,rag_qa_service,dev,2024-09-10T05:12:35.580786,,bf519b3e-9d90-48b6-a331-f6a0f8b698a4,rag_qa_service_model,17,ci-be0b4a4,blue_green,100,success,,,user,ml-dev,rag-qa-service-service:17.3.14
2bb25668-47d1-4e38-94a8-81dabc7851b6,recsys_clickthrough,dev,2024-10-18T04:29:26.983842,,23f65b09-6111-44ee-802d-2cdf3ee3479f,recsys_clickthrough_model,6,ci-a8c346c,rolling,100,success,,,user,ml-dev,recsys-clickthrough-service:6.2.11
65c8cd2c-faf0-45ff-98e8-d14ca177f6c6,recsys_clickthrough,staging,2024-12-26T02:22:59.778546,,4ef442be-f9f2-4698-afe5-8b3680fae707,recsys_clickthrough_model,6,ci-79ca5ea,rolling,100,success,,,auto_retrain,ml-staging,recsys-clickthrough-service:6.6.18
eaffc734-2816-40d8-99fb-6719670fa1dd,rag_qa_service,staging,2024-10-19T01:15:27.804629,,b99ce1e8-1c29-47d9-b031-88822716f25e,rag_qa_service_model,16,ci-4bb17bc,blue_green,100,failed,post_deploy_checks,timeout,auto_retrain,ml-staging,rag-qa-service-service:16.9.5
d9da9211-e27d-4bc7-a736-437a63e19bb3,energy_forecasting,staging,2024-11-09T15:43:40.654395,,a97d64fe-5858-40de-964c-9ab9ab3cd2e0,energy_forecasting_model,9,ci-3ff6894,blue_green,100,success,,,user,ml-staging,energy-forecasting-service:9.8.17
a9d05ecd-f728-4fb1-8e35-62d9962b4bd9,fraud_detection,dev,2024-05-23T07:18:31.329110,,6ba9010c-fb7e-4197-840a-37f98e932037,fraud_detection_model,9,ci-9ea833b,rolling,100,success,,,user,ml-dev,fraud-detection-service:9.3.5
b3e1e93a-d123-4125-96e5-25a857103484,fraud_detection,dev,2024-01-06T22:46:38.707758,,9f199e16-b1f1-4e7c-ad66-8408e23c44d5,fraud_detection_model,10,ci-551a056,rolling,100,success,,,auto_retrain,ml-dev,fraud-detection-service:10.8.12
c3004ba6-2365-4add-b6ea-82c78b23f44f,recsys_clickthrough,staging,2024-11-07T21:20:38.300407,,32b3061e-57b2-4837-b2ef-91abf6bfccd2,recsys_clickthrough_model,6,ci-6149a62,shadow,75,success,,,security_patch,ml-staging,recsys-clickthrough-service:6.5.19
89554482-7a58-4a41-b42e-62495d3d715b,energy_forecasting,dev,2024-11-08T03:31:44.761656,,9d376f1e-ae27-4dfb-aae9-ab855913abff,energy_forecasting_model,12,ci-d62596e,rolling,100,success,,,auto_retrain,ml-dev,energy-forecasting-service:12.4.6
39e7f8ee-57e2-478c-82b5-ef22eebcbbc6,fraud_detection,staging,2024-06-18T08:38:19.967172,,0d839167-ecbf-4f5e-88e8-431c94d7db81,fraud_detection_model,18,ci-e4395b6,rolling,100,success,,,auto_retrain,ml-staging,fraud-detection-service:18.5.6
f57afc53-bd96-4cb8-b68d-506263ff8864,recsys_clickthrough,dev,2024-09-03T22:30:37.050253,,29d5b817-51b4-4c6b-96cb-486779e7b713,recsys_clickthrough_model,5,ci-d02c73a,rolling,100,success,,,user,ml-dev,recsys-clickthrough-service:5.2.11
f6019715-6fb5-4714-ba1a-3ffb88d7e1ae,recsys_clickthrough,prod,2024-09-04T09:10:00.064492,,b22995f2-3443-49c9-bcf6-96e18bd42df7,recsys_clickthrough_model,20,ci-d2b4843,rolling,100,success,,,user,ml-prod,recsys-clickthrough-service:20.6.12
d569f6f8-ea6f-420b-9bfd-65e04139617a,energy_forecasting,dev,2024-01-03T18:12:01.252297,,f5040a45-0c9e-41e0-8d2e-e3c1c9e1a941,energy_forecasting_model,13,ci-86f07fb,rolling,100,success,,,auto_retrain,ml-dev,energy-forecasting-service:13.4.9
50fbce13-dcb6-4dfe-87c3-3fbafd4bd8f2,recsys_clickthrough,prod,2024-05-24T07:26:50.573197,,3cf91072-034e-4386-88e3-4ed2c2369844,recsys_clickthrough_model,14,ci-a3755f1,rolling,100,success,,,auto_retrain,ml-prod,recsys-clickthrough-service:14.0.19
a2977468-bef5-4a58-b028-aa30879310f3,energy_forecasting,staging,2024-11-26T20:54:04.614935,,25bdeb39-e932-4899-8aa2-a7e336e17de7,energy_forecasting_model,13,ci-fbaa805,rolling,100,success,,,auto_retrain,ml-staging,energy-forecasting-service:13.3.8
d8ea992d-4721-41f3-8b14-78f97d45dfef,fraud_detection,staging,2024-03-01T23:30:21.556274,,6ca436d6-a6cd-48b4-811d-e1f5b6eed3a0,fraud_detection_model,2,ci-3f3780c,rolling,100,success,,,security_patch,ml-staging,fraud-detection-service:2.5.4
ddb861a4-f3cb-41f0-938d-a6051ecea6d7,fraud_detection,staging,2024-08-29T06:29:15.333977,,52fe58eb-70c4-4e2d-a908-114bb6efdbd1,fraud_detection_model,18,ci-f87c471,rolling,100,success,,,security_patch,ml-staging,fraud-detection-service:18.8.16
383f486c-05da-4e03-adb0-0b6bb722350d,rag_qa_service,dev,2024-05-25T00:52:37.644840,,f8c409fe-cfee-4248-ab1a-064e817fe0de,rag_qa_service_model,8,ci-d8986b0,rolling,100,success,,,user,ml-dev,rag-qa-service-service:8.0.16
5998fe72-2716-4e2a-a5df-15554cf185ec,rag_qa_service,prod,2024-03-29T21:44:20.502181,,4e02c049-f1ee-4864-88b0-7cc49a4e1456,rag_qa_service_model,2,ci-f2e4d58,canary,100,failed,post_deploy_checks,timeout,security_patch,ml-prod,rag-qa-service-service:2.5.5
e056c4e2-337f-4569-b557-9da8a1450bba,recsys_clickthrough,prod,2024-03-13T23:12:53.040759,,aa3929b1-d3e6-4ddb-84d4-fcd55fc3e869,recsys_clickthrough_model,4,ci-d818054,canary,10,success,,,security_patch,ml-prod,recsys-clickthrough-service:4.4.12
3578329e-668f-4808-a332-f34668141589,rag_qa_service,staging,2024-08-23T15:58:35.858199,,b5334b56-367f-40ac-a9ec-f05a2028093f,rag_qa_service_model,13,ci-446e1b1,rolling,100,success,,,user,ml-staging,rag-qa-service-service:13.2.5
35d16162-26bd-4927-aaff-2b6b4d0749aa,energy_forecasting,dev,2024-07-10T19:46:15.061012,,35a5e517-03ca-4528-b68f-0095b487580f,energy_forecasting_model,11,ci-55cbbba,rolling,100,failed,test,infra_error,security_patch,ml-dev,energy-forecasting-service:11.0.1
3d26deb5-2735-44e4-8d28-6fcbf2d4e925,fraud_detection,prod,2024-10-14T11:19:56.838521,,33144575-eb68-49e8-b052-3ac9665cbcf6,fraud_detection_model,11,ci-35d6b61,rolling,100,success,,,user,ml-prod,fraud-detection-service:11.8.10
481bc661-7a6a-4429-9f9d-1672ba3dea74,energy_forecasting,dev,2024-02-27T22:27:00.450028,,077593a7-a6ca-4577-9e58-40c417cc72b2,energy_forecasting_model,4,ci-d381e02,rolling,100,success,,,auto_retrain,ml-dev,energy-forecasting-service:4.5.14
041a2ca6-d3d3-49ad-adbf-fcbace8940ec,rag_qa_service,dev,2024-10-04T00:49:19.668006,,3ea8e4fc-c73f-43f0-a1a3-2e559d785154,rag_qa_service_model,18,ci-149936c,rolling,100,failed,build,config_error,auto_retrain,ml-dev,rag-qa-service-service:18.0.11
ddae8a34-d4c8-45bf-b937-9a268e6fb7c3,energy_forecasting,dev,2024-05-08T12:57:29.793183,,ae25db4c-9512-490f-94a6-35822f6cb158,energy_forecasting_model,12,ci-d9816a1,rolling,100,success,,,user,ml-dev,energy-forecasting-service:12.8.0
22227703-a247-49dc-99a0-91242039e9a8,rag_qa_service,staging,2024-02-03T17:37:22.324746,,cbdbec5e-e0d1-4ae8-8311-042667ef7ec6,rag_qa_service_model,6,ci-cfdefdf,blue_green,100,success,,,user,ml-staging,rag-qa-service-service:6.7.3
37906737-c8a0-4b67-82c9-431a24f27b82,recsys_clickthrough,staging,2024-12-19T04:18:09.351900,,b44e3dfe-e8d4-42bb-b582-6963155e07ca,recsys_clickthrough_model,17,ci-39229fc,rolling,100,failed,test,healthcheck_fail,auto_retrain,ml-staging,recsys-clickthrough-service:17.0.1
defd5ae8-f1d2-41e1-8b97-5b79ffd77466,energy_forecasting,prod,2024-07-28T17:29:50.710031,,b616f75d-6844-4c9b-b5c6-3bd2faa46cf7,energy_forecasting_model,15,ci-e7586b4,rolling,100,success,,,user,ml-prod,energy-forecasting-service:15.6.12
15700417-941a-4ee7-898c-becaf28757f8,recsys_clickthrough,dev,2024-11-14T19:49:23.861647,,6b77fd10-2f05-48b5-8cf2-fca56a8cf42d,recsys_clickthrough_model,18,ci-baef9df,shadow,25,success,,,auto_retrain,ml-dev,recsys-clickthrough-service:18.5.15
6e28099b-0202-410a-a3aa-0547a5438a78,rag_qa_service,staging,2024-09-06T23:34:54.572887,,705067cb-26da-4ea7-8fde-e8197655d453,rag_qa_service_model,9,ci-111bdbc,blue_green,100,success,,,security_patch,ml-staging,rag-qa-service-service:9.9.19
f6ff26b7-cdf1-4f34-9ca3-a7414df152bc,fraud_detection,prod,2024-02-16T02:51:44.722507,,e6fad155-1213-412d-91ed-896a02f4f563,fraud_detection_model,16,ci-c9e0c3c,canary,100,success,,,security_patch,ml-prod,fraud-detection-service:16.5.19
8f5d37b3-91c3-4fab-a425-93d58cb5184e,fraud_detection,staging,2024-06-25T10:23:21.032347,,9c995b06-be85-45ed-9a3b-f83157876bf1,fraud_detection_model,1,ci-10961cd,blue_green,100,success,,,user,ml-staging,fraud-detection-service:1.4.11
f00473d3-32f1-46cd-b557-c9e9c6eb0f75,recsys_clickthrough,dev,2024-06-25T17:17:56.808100,,f851ad09-4cb6-4470-9b7b-9521c3e495f2,recsys_clickthrough_model,14,ci-c01ccfe,blue_green,100,success,,,user,ml-dev,recsys-clickthrough-service:14.4.8
a61dcc7f-af42-412d-8e5c-fdc6ba0d9138,rag_qa_service,prod,2024-10-24T23:27:34.278262,,d8623dad-46b2-4889-b6e9-cb4854ce460c,rag_qa_service_model,3,ci-4c83654,canary,10,failed,build,infra_error,auto_retrain,ml-prod,rag-qa-service-service:3.0.12
ff168f50-5863-4b87-8bda-c1420e721244,recsys_clickthrough,dev,2024-09-14T16:20:27.573649,,bfa038a7-6039-43ae-addd-b5c5f076fdfe,recsys_clickthrough_model,5,ci-0db7568,shadow,100,success,,,security_patch,ml-dev,recsys-clickthrough-service:5.9.20
078a5d18-ebff-4817-8f80-03a4a7f4b9f4,fraud_detection,staging,2024-10-21T13:48:51.902087,,c3482df0-06df-4df2-b915-55c3ef407060,fraud_detection_model,7,ci-944aa45,rolling,100,success,,,security_patch,ml-staging,fraud-detection-service:7.7.13
42235c0c-9002-4786-b012-1278a2a51de6,recsys_clickthrough,dev,2024-01-13T02:43:26.125726,,2ca4fe89-02d7-48f3-badb-fbd7c6e59f4e,recsys_clickthrough_model,19,ci-6619506,rolling,100,success,,,auto_retrain,ml-dev,recsys-clickthrough-service:19.7.4
d4e15f30-e202-4713-a53e-3a162aed4172,energy_forecasting,staging,2024-10-03T12:54:56.923698,,1f99cd46-c4a3-4052-a804-cd48638ef7de,energy_forecasting_model,3,ci-6890ff6,rolling,100,success,,,security_patch,ml-staging,energy-forecasting-service:3.7.12
083d0746-180b-4a65-acd5-ecd6996041df,recsys_clickthrough,dev,2024-09-08T04:08:22.115231,,d442f2f9-096f-4fb8-910e-ea8576a20289,recsys_clickthrough_model,20,ci-6c484fe,rolling,100,success,,,security_patch,ml-dev,recsys-clickthrough-service:20.6.15
c08f8cf7-881f-4937-a852-84b5892ea5f8,recsys_clickthrough,staging,2024-12-07T11:17:52.097250,,89e37edb-2018-49c5-b7f8-3b0c4ee90eb1,recsys_clickthrough_model,6,ci-7a015ef,rolling,100,success,,,user,ml-staging,recsys-clickthrough-service:6.1.4
2cd8ecf0-67d0-442d-812b-1cc8e36f711c,fraud_detection,dev,2024-03-05T15:15:13.792119,,caab00bd-3c16-4792-a1de-a483afca9b34,fraud_detection_model,16,ci-d05dd46,blue_green,100,failed,deploy,healthcheck_fail,user,ml-dev,fraud-detection-service:16.7.5
77fcb064-aa42-4f3a-aa30-f8d9c6499e0f,rag_qa_service,dev,2024-05-09T16:06:53.979231,,2b9f13c5-d1ce-407e-83cd-4f38726d3a90,rag_qa_service_model,7,ci-5b331b8,rolling,100,success,,,auto_retrain,ml-dev,rag-qa-service-service:7.6.0
15370513-708f-4e60-bba2-089aec024866,fraud_detection,dev,2024-08-28T05:06:49.368049,,894f586f-1d53-4bff-9129-ed38f34d484e,fraud_detection_model,13,ci-2bb012e,rolling,100,success,,,auto_retrain,ml-dev,fraud-detection-service:13.4.7
2e988432-f215-4fc8-8d22-7d4848ed2ca1,fraud_detection,prod,2024-08-12T20:19:35.750405,,810f9903-4c79-4066-918d-ea408973d7c5,fraud_detection_model,3,ci-c40ee73,rolling,100,success,,,security_patch,ml-prod,fraud-detection-service:3.3.20
088173a2-e953-4e5b-9387-8c469e0354cb,recsys_clickthrough,staging,2024-12-18T15:53:16.442613,,e29357aa-3dfd-4312-80b7-832ff84af18b,recsys_clickthrough_model,9,ci-4c11e21,rolling,100,success,,,auto_retrain,ml-staging,recsys-clickthrough-service:9.9.18
c2bb7f8d-b9fc-41e1-a46e-46ac3f7279e4,fraud_detection,prod,2024-03-09T05:36:09.296267,,697c5001-31a1-456f-914f-01560c257578,fraud_detection_model,2,ci-fc924f5,canary,10,success,,,auto_retrain,ml-prod,fraud-detection-service:2.8.19
598c4f03-48a0-4492-8a47-856e76d831e5,rag_qa_service,prod,2024-10-02T00:41:20.691027,,d4ee704f-d726-48d9-8408-fe80bdcacabb,rag_qa_service_model,16,ci-7fcdd6c,canary,100,success,,,auto_retrain,ml-prod,rag-qa-service-service:16.8.16
34140908-ecd0-4f02-9382-ebd44ac4c825,fraud_detection,prod,2024-11-04T13:21:06.832922,,8a332f96-daac-43c0-b3f9-68dc59776a3e,fraud_detection_model,5,ci-542a31e,shadow,25,success,,,security_patch,ml-prod,fraud-detection-service:5.8.5
5b0dd5cd-8b8c-447d-8acd-091060a12735,fraud_detection,staging,2024-01-02T19:37:36.343282,2024-01-03T00:19:49.010793,61b6dbce-a147-4e35-b2ce-72016c23bb46,fraud_detection_model,9,ci-870466e,rolling,100,rolled_back,deploy,timeout,security_patch,ml-staging,fraud-detection-service:9.0.17
7d1c3446-2ace-4f35-b210-29e777cebfc6,fraud_detection,dev,2024-07-05T11:11:40.170806,,095dd14b-a45e-4ea0-9538-51b9c22d2fa3,fraud_detection_model,11,ci-81a073a,rolling,100,success,,,user,ml-dev,fraud-detection-service:11.6.17
c3a90a05-146c-44c2-9674-156dcbe2f6a1,rag_qa_service,dev,2024-12-08T11:56:59.857974,,1a601826-890e-4abd-b60c-608e07b73dbe,rag_qa_service_model,14,ci-2a0dbf4,rolling,100,success,,,auto_retrain,ml-dev,rag-qa-service-service:14.3.0
9702a9b5-f8ee-42ce-affc-704c1357377a,energy_forecasting,staging,2024-12-17T21:37:38.731989,,c30344ff-429d-4bdc-b7d7-8baacdd1a1bb,energy_forecasting_model,9,ci-2c9e574,shadow,50,success,,,user,ml-staging,energy-forecasting-service:9.3.2
9f510919-7edb-4bd9-8fd2-cc344d5ac769,energy_forecasting,staging,2024-08-10T07:25:21.537229,,3536fb2c-8a5c-4c23-91f1-f9062db8a3de,energy_forecasting_model,12,ci-5334979,rolling,100,success,,,security_patch,ml-staging,energy-forecasting-service:12.7.0
151c1b4f-2108-4667-982d-5da1832c36d6,fraud_detection,dev,2024-01-08T08:43:39.962073,,99405fb8-5463-45aa-ac46-835dc20debde,fraud_detection_model,7,ci-497b858,rolling,100,success,,,auto_retrain,ml-dev,fraud-detection-service:7.1.16
62f78b5a-8b3f-4bd6-968f-52ef7c5f2379,rag_qa_service,staging,2024-01-21T05:19:19.309900,,c4aa39c1-d22b-4fca-8645-4168a20fbaf2,rag_qa_service_model,1,ci-192936e,shadow,25,failed,post_deploy_checks,test_failure,security_patch,ml-staging,rag-qa-service-service:1.2.15
bb77cf87-5e43-45bf-91f8-8b5421a1689f,rag_qa_service,prod,2024-12-13T08:58:37.892866,,b36ba44e-f3dd-46b1-b8e0-54ba03c57c8d,rag_qa_service_model,4,ci-322d58e,rolling,100,success,,,auto_retrain,ml-prod,rag-qa-service-service:4.0.9
a104351a-ba2c-40b6-82d4-6ae39987113b,fraud_detection,staging,2024-07-19T20:13:10.452981,2024-07-20T03:06:31.280877,971adc8f-5030-4508-b829-b194dd215e2c,fraud_detection_model,10,ci-d4736df,rolling,100,rolled_back,test,config_error,auto_retrain,ml-staging,fraud-detection-service:10.6.0
06261d7b-a3a9-4f87-8900-f0f18068efc0,fraud_detection,dev,2024-02-29T21:16:19.497529,,0ea4b35d-613b-4f76-a2e2-c97db7d2e5bf,fraud_detection_model,5,ci-fd1fca2,rolling,100,success,,,security_patch,ml-dev,fraud-detection-service:5.3.16
6d3df525-fd6a-43ec-9649-6956f713023e,fraud_detection,staging,2024-12-16T00:58:22.181974,,e1c5941d-af8d-4971-a544-330c5f6cff73,fraud_detection_model,7,ci-76b33de,rolling,100,success,,,security_patch,ml-staging,fraud-detection-service:7.5.20
94209fdb-cf38-46a0-8bbf-ebff4326a733,energy_forecasting,staging,2024-04-09T09:18:59.688974,,4ab880e3-c5b7-4ee1-b1d8-04397611e5c3,energy_forecasting_model,4,ci-6a6e8f1,rolling,100,success,,,user,ml-staging,energy-forecasting-service:4.4.20
2a0fbf3a-d74e-4e56-a1cb-2c33a2369b6b,fraud_detection,prod,2024-11-26T21:40:14.781638,,19cdae41-083a-4af7-a1fb-dc4ceee63f0f,fraud_detection_model,12,ci-4e8184d,rolling,100,success,,,auto_retrain,ml-prod,fraud-detection-service:12.5.3
9ea1624f-3e3a-483c-b76c-3eb853b15e0f,energy_forecasting,dev,2024-02-11T23:51:44.584841,,0ade0333-fcc3-4c22-8243-cce2ad972e95,energy_forecasting_model,7,ci-7a7b4bf,blue_green,100,success,,,auto_retrain,ml-dev,energy-forecasting-service:7.4.20
3f15d730-9bdc-46f7-956d-1e9642d2617f,rag_qa_service,prod,2024-03-23T19:45:39.908780,,d709598d-baa8-4ce5-8a02-ba647d94bbef,rag_qa_service_model,15,ci-9ebdcb9,rolling,100,success,,,auto_retrain,ml-prod,rag-qa-service-service:15.2.2
eabd8ce5-68ba-4906-811b-1aaf662b6b75,fraud_detection,staging,2024-12-28T07:17:33.431904,,8fff7e2e-0574-42fd-a4cc-99af8f3b184e,fraud_detection_model,8,ci-d3b5777,rolling,100,success,,,security_patch,ml-staging,fraud-detection-service:8.7.15
617854e9-6559-448d-8cc0-1f052343abe5,energy_forecasting,staging,2024-02-21T16:19:51.211139,,74ff362d-8f19-4e59-97f0-c83270b25353,energy_forecasting_model,12,ci-d47f15c,rolling,100,success,,,security_patch,ml-staging,energy-forecasting-service:12.0.17
6c23bcbb-683b-4bf6-a1af-ffe117e326d6,energy_forecasting,staging,2024-03-16T15:19:21.306573,,7eb26e14-e96b-46af-86a8-a4d7144a5dbb,energy_forecasting_model,5,ci-390cd1d,blue_green,100,success,,,user,ml-staging,energy-forecasting-service:5.1.2
dccfe362-a380-4163-a83a-3e48eed8382b,fraud_detection,dev,2024-02-07T09:55:12.659276,,9570d25a-f864-4b39-9182-a5fc4ddf4825,fraud_detection_model,15,ci-4b649c4,rolling,100,success,,,security_patch,ml-dev,fraud-detection-service:15.9.0
254274fa-9b05-4ee1-ba41-abad3dc9b9f3,fraud_detection,dev,2024-12-16T02:49:08.090052,,dfc727ae-591e-4097-8874-aa2f7eb4f85a,fraud_detection_model,10,ci-6dddb0d,blue_green,100,success,,,security_patch,ml-dev,fraud-detection-service:10.9.18
3d8588c7-a45d-4583-b8f1-3eda0848a2f8,recsys_clickthrough,prod,2024-07-07T15:25:48.534796,2024-07-07T23:32:13.829685,1069a676-d660-40bd-840f-b7b459994aca,recsys_clickthrough_model,20,ci-7f6a620,blue_green,100,rolled_back,test,infra_error,security_patch,ml-prod,recsys-clickthrough-service:20.6.3
c18e005f-8f3a-4a75-9bc4-aa33f41d7c20,fraud_detection,dev,2024-04-11T22:15:27.045999,,7ee2ee46-0d44-43cf-b125-80a36059705a,fraud_detection_model,5,ci-a0869fe,rolling,100,success,,,auto_retrain,ml-dev,fraud-detection-service:5.9.15
47813cb6-6573-411e-9208-a57a0c74870c,energy_forecasting,dev,2024-08-03T14:08:18.471441,,b63af0d7-1d9d-4f09-8e74-d935af5a2b47,energy_forecasting_model,20,ci-92e71a4,rolling,100,success,,,security_patch,ml-dev,energy-forecasting-service:20.1.14
ed6acdb7-a84a-4163-82a4-a6b7910cfb62,recsys_clickthrough,staging,2024-03-08T23:02:42.253704,,fa730923-95cc-4675-95ee-d284ffc17467,recsys_clickthrough_model,12,ci-0f658bd,blue_green,100,success,,,security_patch,ml-staging,recsys-clickthrough-service:12.8.13
b9deea50-dc33-4698-9137-8c73747aebdc,energy_forecasting,prod,2024-11-25T16:51:35.409656,,b6274b30-0106-4e45-ad5e-ee49227c4a08,energy_forecasting_model,1,ci-7f8f7de,canary,100,success,,,security_patch,ml-prod,energy-forecasting-service:1.4.6
e977809a-0395-464c-914b-1af87bc479f6,fraud_detection,prod,2024-11-21T03:14:21.581715,2024-11-21T06:51:43.416378,3d5c9446-4bcc-4618-8947-5476c1947292,fraud_detection_model,9,ci-62676cd,canary,25,rolled_back,post_deploy_checks,timeout,security_patch,ml-prod,fraud-detection-service:9.6.8
6fbca27a-b76e-45d3-8382-c9ce707cb01b,rag_qa_service,prod,2024-10-15T18:00:12.404337,,ae675e4a-1d79-4d05-a0ac-ea580fec2169,rag_qa_service_model,1,ci-494715a,canary,100,success,,,security_patch,ml-prod,rag-qa-service-service:1.3.8
dcc490cb-cfde-4e67-96dd-174c30e8ee67,fraud_detection,prod,2024-06-14T11:32:56.117939,,b4215c83-0974-4ff6-aec5-67489607db85,fraud_detection_model,2,ci-3790bab,canary,50,failed,build,healthcheck_fail,security_patch,ml-prod,fraud-detection-service:2.6.10
45d6b5f8-24c9-4a1a-8e42-3b221d615718,rag_qa_service,prod,2024-05-24T12:40:49.033690,,54e50ddb-7416-4bd5-9899-c5af43ac2ced,rag_qa_service_model,4,ci-3c58fc7,rolling,100,success,,,user,ml-prod,rag-qa-service-service:4.5.7
6066ae17-b04c-4a72-a8cc-db944ef26ee5,energy_forecasting,staging,2024-07-23T10:41:38.241588,,fe5e08a1-368f-41c9-b407-92880f7046c9,energy_forecasting_model,6,ci-29394b0,rolling,100,success,,,auto_retrain,ml-staging,energy-forecasting-service:6.0.15
3587b0ca-b340-42bd-8762-21bcfee272a4,rag_qa_service,dev,2024-10-13T05:53:53.189679,,ed09ed43-193a-4226-b5d3-aab6c47d3507,rag_qa_service_model,3,ci-62f401c,blue_green,100,failed,deploy,test_failure,user,ml-dev,rag-qa-service-service:3.6.11
ee7e8e71-82ef-4f7f-b1d7-34cc68413737,fraud_detection,staging,2024-10-06T15:38:46.985631,,d0675eb4-8ffe-4422-b692-46e134bdb7de,fraud_detection_model,20,ci-ee7a4fc,rolling,100,success,,,auto_retrain,ml-staging,fraud-detection-service:20.6.1
85cdbc8f-47d9-464f-ad99-6b5f016564fc,recsys_clickthrough,dev,2024-09-13T03:32:21.375747,,c47b3a77-6916-4daf-9388-3bed3f8f6738,recsys_clickthrough_model,4,ci-719cbc4,rolling,100,failed,post_deploy_checks,healthcheck_fail,user,ml-dev,recsys-clickthrough-service:4.0.2
c7c857b4-54c0-456f-bc50-b0b8b579c217,recsys_clickthrough,dev,2024-11-01T22:18:59.901634,,e91e573d-7a14-411c-aa0d-c75e260f3ca6,recsys_clickthrough_model,17,ci-a914897,rolling,100,success,,,security_patch,ml-dev,recsys-clickthrough-service:17.7.6
272c5efc-6f94-41a6-a49e-4398a1df355f,rag_qa_service,staging,2024-02-21T07:38:49.548883,,571bb2f6-90f2-4e3d-9789-0101f07028d3,rag_qa_service_model,12,ci-e7a4f83,rolling,100,failed,build,config_error,auto_retrain,ml-staging,rag-qa-service-service:12.0.11
e3b0c020-bdfb-465c-81df-37445a16751f,energy_forecasting,staging,2024-11-01T08:28:54.724035,,77b5840c-93ef-4ce5-946f-bd1cc5e4b454,energy_forecasting_model,9,ci-7bd7677,rolling,100,success,,,security_patch,ml-staging,energy-forecasting-service:9.8.3
809e8e56-bd93-4442-808e-7b45a3281c6c,rag_qa_service,prod,2024-04-17T21:24:33.733901,,acb277ac-a09e-4eda-9546-21d32a8c6a24,rag_qa_service_model,16,ci-ed92749,rolling,100,success,,,security_patch,ml-prod,rag-qa-service-service:16.8.9
1974c726-04fd-4ccb-9628-da5951986068,fraud_detection,prod,2024-06-02T09:44:26.165531,,4bd0c014-176e-43c0-bed9-df10308aee80,fraud_detection_model,5,ci-7e75bc0,canary,25,success,,,security_patch,ml-prod,fraud-detection-service:5.1.1
23e0ebe3-6129-4e25-8a6f-64d505824eae,rag_qa_service,staging,2024-04-27T14:45:40.001474,,6236014a-53de-4bad-94d3-393d3efa3112,rag_qa_service_model,5,ci-d47f8ca,blue_green,100,success,,,auto_retrain,ml-staging,rag-qa-service-service:5.7.16
cccd5a6d-0a81-4b36-8c6a-ea552acac050,energy_forecasting,prod,2024-07-07T06:19:05.126283,,44200c76-f5e3-4316-8d00-46b6cd745619,energy_forecasting_model,12,ci-4d53e54,blue_green,100,success,,,security_patch,ml-prod,energy-forecasting-service:12.0.9
7c2184d4-d718-4ece-a4ef-54fae886372c,recsys_clickthrough,prod,2024-10-13T10:04:17.390702,,9b07f77d-b3a1-48c2-976e-d1ded2df7046,recsys_clickthrough_model,10,ci-017d8cc,canary,100,success,,,auto_retrain,ml-prod,recsys-clickthrough-service:10.3.2
bf96e7c8-f7ce-4115-afb0-fe6b04957697,rag_qa_service,staging,2024-11-04T22:00:46.078734,,a56ff631-e421-4546-972b-35625def844e,rag_qa_service_model,15,ci-ffe8aef,blue_green,100,success,,,security_patch,ml-staging,rag-qa-service-service:15.3.0
f65c5563-9d85-4843-97cc-daa64ddc0f64,rag_qa_service,dev,2024-12-27T13:54:52.082190,,fa23369d-294b-45e2-ac3e-8464f6b2ed35,rag_qa_service_model,17,ci-6dd29c1,blue_green,100,success,,,auto_retrain,ml-dev,rag-qa-service-service:17.2.6
fbebfaa4-dae5-4557-996b-24ff3a3c0d43,fraud_detection,prod,2024-09-10T15:02:19.942432,2024-09-10T17:47:27.455126,19a78d35-6704-4408-946c-c10dacb49609,fraud_detection_model,15,ci-9ee5f5f,blue_green,100,rolled_back,post_deploy_checks,config_error,user,ml-prod,fraud-detection-service:15.0.14
2de0349a-b0f0-4b64-b8ef-71eb438ba4e6,energy_forecasting,staging,2024-06-11T10:20:27.349651,,cbff25f7-64c2-414b-8062-5453449a23d8,energy_forecasting_model,18,ci-027e02f,blue_green,100,success,,,security_patch,ml-staging,energy-forecasting-service:18.5.6
a14c78ae-079d-4c8c-a4a1-39338155d84d,fraud_detection,dev,2024-11-14T02:12:35.479828,,4d307544-36d8-4fcd-8256-c1762a134a55,fraud_detection_model,19,ci-1f20fde,rolling,100,success,,,user,ml-dev,fraud-detection-service:19.0.9
5298a59a-3890-4a51-8c9a-6b29f6e6dc85,recsys_clickthrough,staging,2024-10-25T04:59:30.208969,,01eef22b-7ae2-4387-a2ed-bea76b8df870,recsys_clickthrough_model,10,ci-e58b387,shadow,10,success,,,auto_retrain,ml-staging,recsys-clickthrough-service:10.9.14
5003c774-18fe-4f69-b1fe-a570f2cc0899,rag_qa_service,prod,2024-11-23T05:04:06.043958,,cd2fc1eb-52e2-4c8f-845b-40944f3f4e09,rag_qa_service_model,7,ci-4ba581d,rolling,100,success,,,security_patch,ml-prod,rag-qa-service-service:7.2.15
873405bc-9921-473d-9aaa-1f166d27a50e,fraud_detection,dev,2024-10-12T16:07:39.677194,,d42e47ab-1c3d-4f48-b371-27eb2d5c3f4a,fraud_detection_model,12,ci-425f825,rolling,100,success,,,security_patch,ml-dev,fraud-detection-service:12.7.13
e72fc4f7-5f57-47e7-bc61-99d607ff138e,energy_forecasting,prod,2024-04-02T02:03:02.674946,,c966d267-825f-40d5-b013-5854d574b5a2,energy_forecasting_model,7,ci-e93e16b,blue_green,100,success,,,security_patch,ml-prod,energy-forecasting-service:7.5.9
d40360fe-7009-4327-b26c-fd4aacaba5fc,recsys_clickthrough,dev,2024-08-16T14:02:00.481928,,f6e19e1f-833c-4f53-8925-e9351ee322ea,recsys_clickthrough_model,19,ci-dc84bed,rolling,100,success,,,security_patch,ml-dev,recsys-clickthrough-service:19.0.16
0fa00cca-97a7-4708-abad-5bcf54b183b0,fraud_detection,staging,2024-03-17T08:16:48.731854,,1f7e5fd2-bcc2-4541-8fc4-ea00656d4801,fraud_detection_model,7,ci-e0e6e55,rolling,100,success,,,security_patch,ml-staging,fraud-detection-service:7.3.11
36253b7c-419f-462d-9aec-ae35b8bb315e,energy_forecasting,prod,2024-03-31T15:17:38.554072,,30205fa9-3ac5-47c4-838f-ffb9c80bfeec,energy_forecasting_model,8,ci-c22757d,blue_green,100,success,,,security_patch,ml-prod,energy-forecasting-service:8.7.15
aa1ff131-31a4-4ea6-bd49-55bb20504c8f,rag_qa_service,dev,2024-09-30T23:48:08.390639,,def2354d-8f14-4101-ad1e-9272a272489d,rag_qa_service_model,16,ci-28249c7,blue_green,100,success,,,auto_retrain,ml-dev,rag-qa-service-service:16.9.1
6a36acaf-bbca-4730-9a2d-caf83b1f4aca,recsys_clickthrough,dev,2024-01-13T16:35:48.956143,,fca3d98b-680e-44e0-8afd-fa3136c85568,recsys_clickthrough_model,4,ci-f84b6ee,rolling,100,success,,,user,ml-dev,recsys-clickthrough-service:4.6.13
33847523-9c49-457e-8101-26afdffb9e2a,energy_forecasting,dev,2024-10-14T01:00:19.682960,,62164d15-2bce-42cf-97db-8d362808ea52,energy_forecasting_model,9,ci-1595027,blue_green,100,success,,,auto_retrain,ml-dev,energy-forecasting-service:9.4.19
557b39d5-c21f-4975-a746-86ef7eb289ed,fraud_detection,prod,2024-07-01T01:21:54.084239,,774668f5-636e-4344-a595-1c3575007903,fraud_detection_model,18,ci-ef7a631,rolling,100,success,,,auto_retrain,ml-prod,fraud-detection-service:18.5.3
4b95443c-3e1e-49cb-91bb-775a75449fca,rag_qa_service,staging,2024-05-27T04:55:33.058826,,161c0ebe-04bb-4ae4-9334-e35955af295c,rag_qa_service_model,8,ci-05f5345,rolling,100,success,,,auto_retrain,ml-staging,rag-qa-service-service:8.5.13
53dd1010-56e6-4492-9634-a15ce2531741,fraud_detection,prod,2024-07-25T04:50:14.500684,,913e1f71-2a82-4a50-acaf-e99e99115b1c,fraud_detection_model,20,ci-3ce7fc6,canary,25,success,,,user,ml-prod,fraud-detection-service:20.8.19
1f0c2400-3b17-40d3-bdea-d02fecde5554,energy_forecasting,dev,2024-08-18T04:14:07.794841,,3bbb8878-f8e1-45c2-a37e-0ff56ccf6fac,energy_forecasting_model,10,ci-0375575,blue_green,100,failed,build,test_failure,user,ml-dev,energy-forecasting-service:10.1.20
88bc8184-3e77-488e-8e51-69f1b5d1cbc4,rag_qa_service,prod,2024-07-27T20:53:12.343875,,d57bc5f4-5cb2-49e0-854b-16846093a2f1,rag_qa_service_model,1,ci-ec9fda6,canary,75,success,,,security_patch,ml-prod,rag-qa-service-service:1.9.16
40195b10-db68-45e7-ac87-1d023e23fa2f,energy_forecasting,prod,2024-10-13T18:31:41.919605,,c899d05e-aaae-41fb-b0da-28f487d21d14,energy_forecasting_model,16,ci-15c8915,blue_green,100,success,,,user,ml-prod,energy-forecasting-service:16.2.1
f0318c69-d2ff-4bba-a6a6-104f210d5209,fraud_detection,dev,2024-01-09T08:29:34.987623,,683b1200-2a82-4d77-bc7b-cc685634d2d9,fraud_detection_model,3,ci-bbf670e,rolling,100,success,,,security_patch,ml-dev,fraud-detection-service:3.3.17
21e8addc-0442-46b4-ae05-2f3804e003d6,rag_qa_service,staging,2024-05-17T11:34:27.962075,,90c2ab5f-31eb-4b59-90b9-62816252c45e,rag_qa_service_model,7,ci-834f71c,shadow,100,success,,,auto_retrain,ml-staging,rag-qa-service-service:7.6.12
a047355e-06cf-40be-94da-582131bee13b,rag_qa_service,dev,2024-02-26T19:59:59.557048,,5ccb89b5-a1a0-4f07-b45e-e81537ce6359,rag_qa_service_model,17,ci-84b22c6,blue_green,100,success,,,auto_retrain,ml-dev,rag-qa-service-service:17.4.4
60f607e1-8479-48f2-b5f7-216f2f09c3a9,rag_qa_service,prod,2024-05-20T13:51:43.033783,,08a01be9-efd7-430d-8dad-5d9a4398dd33,rag_qa_service_model,16,ci-78ccc96,blue_green,100,success,,,user,ml-prod,rag-qa-service-service:16.7.19
266bb457-35ca-4243-8811-b3ef943429c8,rag_qa_service,prod,2024-04-30T04:21:25.787221,,45175e0c-8d40-4013-a34c-853812e4f63f,rag_qa_service_model,18,ci-7d49267,rolling,100,success,,,user,ml-prod,rag-qa-service-service:18.4.8
7e556699-5641-4f62-aa85-3c6215e61f18,fraud_detection,dev,2024-07-12T06:53:57.474027,,d5e9c3e8-a3a0-4bae-9673-92912f7b09f8,fraud_detection_model,12,ci-c6a34fa,rolling,100,failed,deploy,healthcheck_fail,security_patch,ml-dev,fraud-detection-service:12.0.17
c494ee51-c94c-4bf3-bd42-b0656c2bad68,energy_forecasting,prod,2024-08-17T18:48:24.282497,,5067d513-eec2-4be4-b68c-abc4b898b51b,energy_forecasting_model,20,ci-6ac1ea8,shadow,75,success,,,user,ml-prod,energy-forecasting-service:20.9.4
f619cacf-3569-4102-bab1-df0a1d248c4b,recsys_clickthrough,dev,2024-09-10T08:11:53.127914,,7d76a8e2-d70a-4fd2-86fd-43b79fadf33e,recsys_clickthrough_model,2,ci-672073b,rolling,100,success,,,auto_retrain,ml-dev,recsys-clickthrough-service:2.0.12
d8c78093-f247-41cd-9201-58eebaed257a,energy_forecasting,staging,2024-02-09T23:11:48.448709,,949e1f69-c82b-41ad-8a78-f9a7d8294065,energy_forecasting_model,4,ci-e858045,rolling,100,success,,,security_patch,ml-staging,energy-forecasting-service:4.6.10
b555aab6-747c-4a8a-973d-7f1fd3a476f7,recsys_clickthrough,staging,2024-06-10T18:06:36.739098,,b34d7f23-6909-487e-a6de-a6ff2df9b412,recsys_clickthrough_model,5,ci-d76a051,shadow,50,success,,,security_patch,ml-staging,recsys-clickthrough-service:5.2.12
f31cc296-b47a-4c19-904f-2da3548dc3ba,rag_qa_service,staging,2024-06-19T07:01:22.118052,,a511b1f2-6be9-4474-926b-bb3b5c4bae36,rag_qa_service_model,13,ci-363751f,shadow,50,success,,,auto_retrain,ml-staging,rag-qa-service-service:13.3.8
7f1f63c1-8fd3-480f-a593-c9f010f18514,energy_forecasting,prod,2024-01-02T03:54:39.513821,,71d5e2a2-a085-4b4f-b327-0bc1c7522891,energy_forecasting_model,5,ci-f877150,blue_green,100,success,,,auto_retrain,ml-prod,energy-forecasting-service:5.1.20
554bbb59-4a1d-44a1-bb39-dbc878437d51,rag_qa_service,staging,2024-06-21T21:00:11.403470,,74a7a847-3663-4b04-a8b5-f82a15d942b8,rag_qa_service_model,9,ci-c6a35d5,rolling,100,success,,,security_patch,ml-staging,rag-qa-service-service:9.1.20
e96d6c02-b0e4-40f3-938b-83a0bbf47375,energy_forecasting,dev,2024-02-16T01:04:21.306450,,3f25f117-9106-4354-93d0-862e00418c0a,energy_forecasting_model,7,ci-d76b3da,rolling,100,success,,,security_patch,ml-dev,energy-forecasting-service:7.0.8
5f125a22-3a46-4298-b312-eeb24a3768c3,fraud_detection,dev,2024-04-13T01:30:21.697324,,d89ac447-ec5e-45a2-8eaa-b5c2d2511607,fraud_detection_model,7,ci-91d0521,shadow,100,success,,,auto_retrain,ml-dev,fraud-detection-service:7.5.14
4559b23b-b5f1-44f7-8d92-41e156e69c6f,rag_qa_service,prod,2024-07-12T11:14:56.342459,,65d7d02f-f86a-4011-a21f-5a2f710cdc29,rag_qa_service_model,18,ci-690d7b5,rolling,100,failed,deploy,infra_error,security_patch,ml-prod,rag-qa-service-service:18.6.3
937d2173-1e81-4b92-a723-f4763972e8e8,energy_forecasting,prod,2024-02-07T00:55:37.862391,,e4d90fcd-688e-4e9a-9e5c-6d6d9718a0de,energy_forecasting_model,10,ci-834da7e,rolling,100,success,,,security_patch,ml-prod,energy-forecasting-service:10.5.3
e7ad68dd-adff-4563-82d3-76fd88547ed1,fraud_detection,dev,2024-07-31T18:41:07.810311,,ec17cef7-4b61-4e40-b0b6-58f4b717999f,fraud_detection_model,1,ci-f1875ed,blue_green,100,success,,,user,ml-dev,fraud-detection-service:1.4.14
c42e35a6-e89b-4eb4-b219-a1153ca40457,energy_forecasting,dev,2024-12-19T05:40:39.090741,,2b594d5f-599d-4036-be4c-37bf956363db,energy_forecasting_model,13,ci-7316660,rolling,100,success,,,user,ml-dev,energy-forecasting-service:13.3.12
72fab6d5-0199-4d9d-9ab0-42842c8a5ed2,rag_qa_service,dev,2024-11-06T01:13:49.743707,,ed3a66c9-0c89-404f-af2f-52a2eaeb4091,rag_qa_service_model,20,ci-2752720,rolling,100,success,,,user,ml-dev,rag-qa-service-service:20.6.20
d13eeaee-f6d1-48e1-8fd8-b2bdeffc30fb,energy_forecasting,prod,2024-05-20T00:37:08.942565,,b39ebdbe-b81b-4ff8-ba00-43cb7f55b2df,energy_forecasting_model,2,ci-10fedee,rolling,100,success,,,security_patch,ml-prod,energy-forecasting-service:2.7.1
f0df3377-6d21-4998-8c38-58f572523eb8,rag_qa_service,staging,2024-05-15T03:02:30.693714,,d787528f-a1cf-487f-8719-00dadefa2e55,rag_qa_service_model,19,ci-2b16d9c,rolling,100,success,,,user,ml-staging,rag-qa-service-service:19.5.6
e86abeb7-b8e5-4e67-975a-9003ba79c2e8,rag_qa_service,staging,2024-03-04T23:16:47.743363,,fb94dd6e-45a9-4ba1-8774-b5befa04e988,rag_qa_service_model,8,ci-58bbfd6,rolling,100,success,,,auto_retrain,ml-staging,rag-qa-service-service:8.0.14
43f37ef1-aaae-4ec5-b621-f4707e6dd0ca,fraud_detection,staging,2024-01-19T19:33:33.786316,,df1d9daa-4030-43ad-8464-1898a2439e70,fraud_detection_model,10,ci-a685e51,rolling,100,failed,test,test_failure,user,ml-staging,fraud-detection-service:10.2.1
b60c4cec-4620-477e-ae96-730ce95045ff,rag_qa_service,dev,2024-07-26T10:48:55.991305,,b89518dd-d48d-48dd-b0e6-759c6bf683a7,rag_qa_service_model,13,ci-805034c,blue_green,100,success,,,security_patch,ml-dev,rag-qa-service-service:13.3.7
d5242b4c-1530-43d8-9bf1-2b0bc6c95eb5,energy_forecasting,prod,2024-11-27T10:23:17.666665,,6c1488b7-bf93-41e1-addb-79db652ac4ea,energy_forecasting_model,2,ci-b3b0984,canary,50,success,,,auto_retrain,ml-prod,energy-forecasting-service:2.4.7
3a243712-e7fb-4ce3-8f9c-525c5a8e3b2c,energy_forecasting,staging,2024-03-16T16:42:55.010238,,76fcb48f-f39b-4502-858d-f32bd4cdf577,energy_forecasting_model,13,ci-0f40d5b,blue_green,100,success,,,security_patch,ml-staging,energy-forecasting-service:13.2.17
a1a48fa0-e72a-4175-a9b9-22ba7cab4d9c,rag_qa_service,prod,2024-02-10T14:55:28.160869,,b0ae6361-3890-42ca-88f1-882a22d50072,rag_qa_service_model,13,ci-b1ad587,canary,100,success,,,security_patch,ml-prod,rag-qa-service-service:13.7.11
ace034f4-e79c-42c8-8741-71c08555a48b,rag_qa_service,dev,2024-05-05T19:33:45.733590,,d0b2753a-ef38-4a79-bd1d-0a9b55c2299b,rag_qa_service_model,4,ci-3c1055d,shadow,100,success,,,user,ml-dev,rag-qa-service-service:4.6.19
4f6e6eba-89c3-4c32-8776-e71fe4be4d8e,rag_qa_service,prod,2024-11-10T18:23:24.650236,,6957cf2e-ccb7-40a6-8021-f9eb19842a14,rag_qa_service_model,6,ci-9f6a09d,blue_green,100,success,,,security_patch,ml-prod,rag-qa-service-service:6.4.1
ec564495-f3be-477f-b48c-a36ebfb190c6,rag_qa_service,dev,2024-03-16T08:56:31.317091,,d7701b24-5e89-422c-8a6d-2ccf60d7d8f5,rag_qa_service_model,9,ci-df53d7a,shadow,50,success,,,auto_retrain,ml-dev,rag-qa-service-service:9.5.0
69067adf-4e7b-48e1-a289-d7472adc32b3,recsys_clickthrough,staging,2024-12-22T20:48:16.772003,,24d25ac4-8e7f-42b3-ae47-8eed0c62c0a4,recsys_clickthrough_model,20,ci-2f21a20,rolling,100,failed,post_deploy_checks,infra_error,user,ml-staging,recsys-clickthrough-service:20.6.2
90df08ec-d158-4e24-96c2-4693585184ae,energy_forecasting,dev,2024-08-10T23:31:56.959282,,5c2299e2-f648-4470-b808-cca344301b41,energy_forecasting_model,19,ci-fec60a9,rolling,100,success,,,security_patch,ml-dev,energy-forecasting-service:19.0.17
f775afd8-1d5b-4e92-be69-23234ba9b3a2,energy_forecasting,dev,2024-03-04T16:25:25.202407,,d48ef4b6-7bb2-477a-8d4c-49f8823fd690,energy_forecasting_model,19,ci-ba85dab,rolling,100,success,,,auto_retrain,ml-dev,energy-forecasting-service:19.7.15
5128f61b-7e3b-405a-8d91-8f7114f14b6a,energy_forecasting,prod,2024-12-07T13:13:11.908789,,c2c5e701-653f-41b2-8f98-14f271498a92,energy_forecasting_model,11,ci-7b8e196,rolling,100,success,,,security_patch,ml-prod,energy-forecasting-service:11.9.12
d3dc2911-27b3-41ad-87c1-c6bf2793c658,recsys_clickthrough,dev,2024-05-07T20:56:12.347878,,85597c4a-e74e-48a2-9bc1-ab29535447b1,recsys_clickthrough_model,10,ci-96cafd2,rolling,100,success,,,auto_retrain,ml-dev,recsys-clickthrough-service:10.1.6
4f8a6602-c00e-4e3c-a1ec-b3698bfc04a5,recsys_clickthrough,dev,2024-04-16T22:11:14.961980,,5c6b83af-e688-4ada-9f5c-b3d3577054af,recsys_clickthrough_model,10,ci-95056be,blue_green,100,failed,post_deploy_checks,timeout,security_patch,ml-dev,recsys-clickthrough-service:10.8.13
1f3bf608-a72a-47ff-8152-8944b74320d0,fraud_detection,staging,2024-06-10T04:39:51.718777,,5a79257e-609c-4bea-b8dc-e3a7a5645c89,fraud_detection_model,17,ci-778f473,blue_green,100,success,,,security_patch,ml-staging,fraud-detection-service:17.9.10
67145f44-57bf-46c4-9a23-c0a7f2fe652a,recsys_clickthrough,staging,2024-07-31T13:35:41.966226,,7801c576-ff87-4c2d-aef5-823b5262a834,recsys_clickthrough_model,5,ci-9c22013,rolling,100,success,,,security_patch,ml-staging,recsys-clickthrough-service:5.6.8
496c1639-5de4-4863-93d6-0b3c60ab2b2e,recsys_clickthrough,staging,2024-10-15T17:48:00.028393,,f7bf3e61-8224-45cd-ae54-833af1b3fda2,recsys_clickthrough_model,18,ci-16935a3,rolling,100,success,,,user,ml-staging,recsys-clickthrough-service:18.3.17
ff0705f5-c4f5-4bda-9d6c-5f58534d1f95,recsys_clickthrough,staging,2024-12-30T13:32:47.431694,,1e0be465-982f-4393-857c-19758a754154,recsys_clickthrough_model,3,ci-cb73556,rolling,100,success,,,user,ml-staging,recsys-clickthrough-service:3.0.4
65a42b0d-f771-43cd-9fce-466cd00e59bf,rag_qa_service,staging,2024-08-11T22:23:53.746195,,d36f8606-65b0-4ded-8cf2-6d2424cae3a7,rag_qa_service_model,5,ci-1229a3b,rolling,100,success,,,user,ml-staging,rag-qa-service-service:5.7.7
f8559aa5-ad7c-4eee-b774-32b0a11d1cf1,recsys_clickthrough,staging,2024-07-29T16:01:27.336466,,f1994b1a-92a1-40bd-b0c2-5b089d4f8138,recsys_clickthrough_model,11,ci-a85ec94,rolling,100,success,,,security_patch,ml-staging,recsys-clickthrough-service:11.7.11
7da0ace0-488d-47dc-b150-e1d87b8ac6d3,energy_forecasting,prod,2024-03-09T23:12:16.413504,,e42d90f4-e9a4-4993-bb7c-6b27c1e1cdf4,energy_forecasting_model,5,ci-b77d141,canary,75,success,,,user,ml-prod,energy-forecasting-service:5.4.6
2a3b09f4-d5ac-4ebd-9c6f-e20b6bdbe6ce,recsys_clickthrough,dev,2024-08-21T17:01:52.470822,,4ab71594-e3ba-4bff-84ae-c22bc5224925,recsys_clickthrough_model,11,ci-155d2f2,rolling,100,success,,,security_patch,ml-dev,recsys-clickthrough-service:11.4.16
adffe355-d9ba-4274-ba7c-19d528306ac3,rag_qa_service,dev,2024-08-24T17:17:02.833473,,e8ce8791-5977-450e-b2e1-d5b96caeea47,rag_qa_service_model,8,ci-af29396,rolling,100,success,,,auto_retrain,ml-dev,rag-qa-service-service:8.7.0
2f16f4e1-31b8-4249-b9c1-e46be1bee7ae,recsys_clickthrough,prod,2024-11-04T03:55:13.941143,,88dca8ff-cc1b-4b05-ab1c-702483c86c79,recsys_clickthrough_model,5,ci-3ea4c0b,canary,50,success,,,user,ml-prod,recsys-clickthrough-service:5.4.4
f706ca71-e962-47d2-8e12-a9378c1f5fe0,rag_qa_service,prod,2024-06-05T08:09:55.623244,,7f0249d5-2381-4a19-89a6-2df41ce6f76f,rag_qa_service_model,12,ci-5d2e0dc,canary,25,success,,,security_patch,ml-prod,rag-qa-service-service:12.8.20
e33b43fe-744e-4326-a209-8e85a48c98a5,recsys_clickthrough,staging,2024-07-17T16:45:36.051877,,755a94ab-3989-473c-8cdf-5332a881ad78,recsys_clickthrough_model,14,ci-d95f58c,blue_green,100,failed,build,healthcheck_fail,security_patch,ml-staging,recsys-clickthrough-service:14.1.3
ca2f74ef-4477-449d-bbe9-0cebc19ad3f3,fraud_detection,dev,2024-07-01T15:14:57.822662,,8abb5615-b675-4942-a455-bfb8040b0287,fraud_detection_model,6,ci-6add4ea,rolling,100,success,,,auto_retrain,ml-dev,fraud-detection-service:6.2.9
1c9609e7-9755-46d7-b983-39d3a8d03227,fraud_detection,prod,2024-09-11T17:51:16.872609,,a4c8089f-7546-4f9c-af1e-32c30f388896,fraud_detection_model,4,ci-0213bc9,canary,25,success,,,security_patch,ml-prod,fraud-detection-service:4.2.4
25e0246d-b699-4fd2-b62a-208b67bb2920,fraud_detection,staging,2024-02-29T22:05:50.030480,,a421030e-0ad0-4769-96f1-566192ec99cc,fraud_detection_model,10,ci-7a36eec,rolling,100,success,,,auto_retrain,ml-staging,fraud-detection-service:10.4.15
f93ad293-eeb3-462e-a19e-39dab309f3e8,energy_forecasting,staging,2024-09-28T09:26:28.439457,,180bf499-64a6-4e3b-862c-3a7a82809639,energy_forecasting_model,6,ci-e8f09c1,blue_green,100,success,,,user,ml-staging,energy-forecasting-service:6.5.4
8e81a2cc-b5d2-4cea-a0a7-6e12cbb5901f,fraud_detection,dev,2024-04-14T14:11:24.301777,,95fe42e7-9030-4929-86b8-fc729efcc133,fraud_detection_model,11,ci-241518e,rolling,100,success,,,auto_retrain,ml-dev,fraud-detection-service:11.6.8
e416cc8b-4c13-462a-b71d-c24bd3ac0d81,fraud_detection,staging,2024-05-29T00:11:23.784030,,f7ede834-c7de-48b3-9180-cf66d3793206,fraud_detection_model,19,ci-3a65c25,rolling,100,success,,,security_patch,ml-staging,fraud-detection-service:19.1.10
771144da-7dba-4145-b328-50c4c1f7b199,rag_qa_service,prod,2024-02-05T11:39:46.577204,,16026cd7-e578-4f9e-ab2f-4ebf3921d2f9,rag_qa_service_model,4,ci-157205b,rolling,100,failed,build,config_error,auto_retrain,ml-prod,rag-qa-service-service:4.9.5
7d806718-814c-4b07-9c85-257ee9990b6b,rag_qa_service,dev,2024-03-13T16:57:07.714953,,88e709f7-dbf8-4c76-94eb-47ded0df44dd,rag_qa_service_model,7,ci-49e4110,rolling,100,success,,,user,ml-dev,rag-qa-service-service:7.3.16
685ed99b-2574-4f3b-8fef-5b070768e5a0,rag_qa_service,prod,2024-09-09T12:39:11.214326,,bed37316-8318-4cd3-83f2-183330d4cf7d,rag_qa_service_model,5,ci-9425012,canary,25,success,,,security_patch,ml-prod,rag-qa-service-service:5.0.3
b7fa2246-a331-4b15-818f-9bf57f0ea0d6,fraud_detection,staging,2024-09-09T18:20:51.815194,,3bdb637d-5568-4c0e-b758-0fb24c0c1a05,fraud_detection_model,1,ci-4498f65,rolling,100,success,,,auto_retrain,ml-staging,fraud-detection-service:1.8.2
6db57ce7-d19d-4700-a98e-95015dee9cb9,rag_qa_service,staging,2024-05-01T11:12:06.596909,,3c0dde16-23d8-412f-b36e-a77155d29b84,rag_qa_service_model,18,ci-a7affe4,rolling,100,success,,,auto_retrain,ml-staging,rag-qa-service-service:18.9.3
149f5c9d-a1e3-44ed-ac76-957060e3f4f0,recsys_clickthrough,prod,2024-06-26T18:54:33.712361,,554a92dc-47e3-46b8-9096-077adc7691df,recsys_clickthrough_model,17,ci-1ae1052,blue_green,100,success,,,user,ml-prod,recsys-clickthrough-service:17.5.12
156dcaa5-0f6b-4582-9dc6-001b405984ee,rag_qa_service,prod,2024-10-07T17:01:16.846686,,5d7200a4-a664-4af4-a0cc-ef6f1eb0ce9b,rag_qa_service_model,3,ci-24b02ee,shadow,50,success,,,auto_retrain,ml-prod,rag-qa-service-service:3.6.5
78320b01-2e22-4c48-a84b-f2e4f4fbc435,recsys_clickthrough,prod,2024-08-26T02:56:12.752890,,73b3e6ed-5d34-48e1-ae3d-18bc589ab1f2,recsys_clickthrough_model,5,ci-023dc43,canary,25,success,,,auto_retrain,ml-prod,recsys-clickthrough-service:5.7.1
92d48649-0c6d-4323-b97b-ab4063013cb6,rag_qa_service,prod,2024-03-11T02:11:43.041698,,beb73fc6-f443-4951-8eeb-ed78cfc4592e,rag_qa_service_model,18,ci-9baaa98,rolling,100,success,,,security_patch,ml-prod,rag-qa-service-service:18.6.12
6e0aa26a-a006-4622-8a8d-f9f7b96b9523,rag_qa_service,prod,2024-05-13T16:37:25.645404,2024-05-14T03:03:04.529595,5a281d81-73d0-4e9a-826f-f0c93e26e79f,rag_qa_service_model,10,ci-75cd033,blue_green,100,rolled_back,post_deploy_checks,config_error,user,ml-prod,rag-qa-service-service:10.5.2
64c3583e-fa8f-4a4d-855f-a441d5300fb3,recsys_clickthrough,dev,2024-10-20T20:59:24.887651,,ce75d386-511b-4dd5-b28f-919b981a8a99,recsys_clickthrough_model,2,ci-f2cc246,blue_green,100,success,,,auto_retrain,ml-dev,recsys-clickthrough-service:2.1.13
69d7bd3c-9dff-467b-8776-1b96a4679196,fraud_detection,prod,2024-12-22T16:55:56.269441,,ed842bd4-cbbb-4edd-a1a5-0b73c54149fb,fraud_detection_model,5,ci-97dcfb3,rolling,100,success,,,security_patch,ml-prod,fraud-detection-service:5.5.5
038db883-bf31-4256-93e4-8df774241c18,recsys_clickthrough,dev,2024-06-07T06:27:36.113070,,337dca02-4669-4f93-8219-f76ed12bd588,recsys_clickthrough_model,19,ci-363a2d8,shadow,100,success,,,auto_retrain,ml-dev,recsys-clickthrough-service:19.8.0
5021f5f9-ce31-41a6-bb5f-4d14971ff285,rag_qa_service,staging,2024-09-27T18:15:14.811881,,927bd5a8-7820-4642-a2f3-7e4e67d97ea1,rag_qa_service_model,18,ci-e7a1953,rolling,100,failed,deploy,healthcheck_fail,user,ml-staging,rag-qa-service-service:18.6.18
a8351e57-3f0a-47f5-a0b2-8ccfc0abee80,fraud_detection,staging,2024-11-10T21:09:30.988515,,4b86e6e4-8b80-42c9-97e9-276b649be53a,fraud_detection_model,11,ci-7007da7,rolling,100,success,,,auto_retrain,ml-staging,fraud-detection-service:11.0.17
762ded9a-f6f2-4ed5-8b91-d142b16807a8,rag_qa_service,staging,2024-02-02T14:43:19.957097,,c6c9fe10-cf23-4584-912b-e47855be22ed,rag_qa_service_model,18,ci-9e3566f,rolling,100,success,,,user,ml-staging,rag-qa-service-service:18.1.7
46120c82-d3f4-4666-bb4b-4f3457a0574a,recsys_clickthrough,staging,2024-09-20T19:06:17.059154,,66c8bad0-a133-4c58-b2e7-4e7c71e1784a,recsys_clickthrough_model,15,ci-c445b25,rolling,100,success,,,auto_retrain,ml-staging,recsys-clickthrough-service:15.5.3
fbd5de8c-0125-48de-8626-aecb4b9c488c,recsys_clickthrough,dev,2024-08-26T19:13:51.405671,,6102ecf5-2328-4b16-90d5-c968c41d555c,recsys_clickthrough_model,1,ci-1493b1b,rolling,100,success,,,user,ml-dev,recsys-clickthrough-service:1.0.19
1c5de62a-eb7a-4f34-a0ef-b13368dabfa5,fraud_detection,staging,2024-05-30T05:55:12.845688,,057e2505-084b-4957-8512-ecd3a70f9054,fraud_detection_model,13,ci-e3cb0db,blue_green,100,success,,,auto_retrain,ml-staging,fraud-detection-service:13.1.15
d0c1133e-ed0f-43da-98cf-36670f1bcbca,recsys_clickthrough,dev,2024-07-16T01:43:45.442567,,b283425b-15cf-4563-bd02-5416aa6d028c,recsys_clickthrough_model,13,ci-bdc7f0b,rolling,100,failed,test,healthcheck_fail,security_patch,ml-dev,recsys-clickthrough-service:13.2.6
b5904517-d8b5-4345-9457-8a5cb4e7284d,fraud_detection,staging,2024-06-19T17:16:44.769780,,63c26e21-3f7d-49db-8f84-7320ec54fbdd,fraud_detection_model,5,ci-c89bc5d,rolling,100,success,,,security_patch,ml-staging,fraud-detection-service:5.7.10
1af65828-1f0a-4893-8527-fefabb9b9ed9,energy_forecasting,prod,2024-03-04T02:02:27.239810,,868a55e0-9d9c-4e70-93ef-8fd3e0102519,energy_forecasting_model,15,ci-7593de3,rolling,100,success,,,user,ml-prod,energy-forecasting-service:15.4.19
3630cace-9769-4dfa-b033-1a210e28cc34,rag_qa_service,prod,2024-03-19T18:54:00.140755,2024-03-20T06:51:27.441058,8f9120a2-0c93-47c1-a743-d4d3936d4d7f,rag_qa_service_model,14,ci-f06cc94,canary,25,rolled_back,build,test_failure,user,ml-prod,rag-qa-service-service:14.0.7
2d40df74-0e88-48c4-91dc-a1cbf245aa3c,fraud_detection,prod,2024-03-17T17:49:57.325846,,6bcbac63-f133-44d2-b3aa-085402620828,fraud_detection_model,17,ci-b4fbae2,blue_green,100,success,,,security_patch,ml-prod,fraud-detection-service:17.2.9
2442be8a-95d5-44d5-afbe-6c06a16b51a2,recsys_clickthrough,dev,2024-03-13T23:56:07.305028,,ea4f5910-5cee-420a-8ba6-36280a3dc6fe,recsys_clickthrough_model,4,ci-46688aa,rolling,100,success,,,user,ml-dev,recsys-clickthrough-service:4.1.9
5c669cb3-75d1-400b-b3a0-45c324b31508,rag_qa_service,staging,2024-04-01T21:13:25.657830,,1efe382b-8ee2-4829-b088-9f42c2687276,rag_qa_service_model,12,ci-3473341,shadow,50,failed,build,healthcheck_fail,auto_retrain,ml-staging,rag-qa-service-service:12.5.2
764fa994-0880-44a1-a2fe-2edaf6ff099f,rag_qa_service,prod,2024-06-01T12:53:06.566401,,bf42b3bc-ef4f-4525-9e62-531ef62db496,rag_qa_service_model,1,ci-04335f7,canary,10,success,,,auto_retrain,ml-prod,rag-qa-service-service:1.2.1
6003d511-9148-4394-b8bb-7c3b74f01a50,recsys_clickthrough,prod,2024-12-20T01:58:13.807678,2024-12-20T09:20:01.162621,06332dd7-8ca5-4036-9063-b648711ebd98,recsys_clickthrough_model,3,ci-216cbc9,canary,75,rolled_back,test,healthcheck_fail,security_patch,ml-prod,recsys-clickthrough-service:3.9.17
ad077007-a017-4d54-a459-42a3d9a81a7e,energy_forecasting,staging,2024-02-29T13:05:33.140900,,ceeaa5bc-dcf5-4dfb-b6e8-c35906b35686,energy_forecasting_model,10,ci-bed37a2,rolling,100,success,,,user,ml-staging,energy-forecasting-service:10.9.17
de29e7d4-9ddc-48bb-a6fd-9e1564bfb89e,energy_forecasting,dev,2024-03-07T05:32:26.979509,,9999b896-3f76-44c6-8a08-dc11c2dddf95,energy_forecasting_model,5,ci-2470595,rolling,100,success,,,security_patch,ml-dev,energy-forecasting-service:5.8.13
ec02f2f2-05e7-4e90-a918-6753a3cdd527,energy_forecasting,prod,2024-09-09T22:22:34.120365,,ec7ef5af-6bbc-4663-a493-403c1a83fc8d,energy_forecasting_model,10,ci-7b48e0f,rolling,100,success,,,security_patch,ml-prod,energy-forecasting-service:10.6.9
d8a1cc39-ba58-4ac8-bc73-7ed136cf731d,fraud_detection,prod,2024-04-21T09:42:22.274124,,32413894-4be0-4a40-be24-c7d176ef3391,fraud_detection_model,16,ci-575539c,rolling,100,success,,,security_patch,ml-prod,fraud-detection-service:16.5.7
e8698262-7da4-4905-b1dc-5bce8dbd3118,energy_forecasting,staging,2024-07-21T13:20:01.917171,,1cac8539-70ad-4a2e-be56-95cf525662b0,energy_forecasting_model,4,ci-9c97a50,blue_green,100,success,,,auto_retrain,ml-staging,energy-forecasting-service:4.3.16
5d072f81-6277-4e34-b80e-9cbf28f56d7f,rag_qa_service,dev,2024-10-16T04:07:33.027210,,a311c2c0-0e6b-4f56-9fed-03481438db33,rag_qa_service_model,5,ci-7ac3840,rolling,100,success,,,auto_retrain,ml-dev,rag-qa-service-service:5.5.20
99797ca1-13c2-4139-bf2f-d8b99a2056eb,energy_forecasting,dev,2024-03-08T08:00:57.715537,,65c6942e-a6fc-447b-b7b9-d4d5c72102e2,energy_forecasting_model,10,ci-c0ceba7,rolling,100,success,,,security_patch,ml-dev,energy-forecasting-service:10.8.16
8505f039-cd60-44af-b769-9da59071f9a6,rag_qa_service,staging,2024-09-28T09:58:30.637621,,a74a7ce2-c3ea-477f-ba62-49125333c483,rag_qa_service_model,12,ci-c00ca04,blue_green,100,failed,test,healthcheck_fail,security_patch,ml-staging,rag-qa-service-service:12.4.15
1fe28605-4a98-4c0e-b29a-ec38af918a90,rag_qa_service,prod,2024-12-10T16:33:32.355246,,5bea58e9-5e33-4abc-9ef2-52e1fb0e14c4,rag_qa_service_model,19,ci-6b57be4,blue_green,100,success,,,user,ml-prod,rag-qa-service-service:19.4.17
022b25b6-7665-4d4f-9feb-c6d3cbbc4aaa,fraud_detection,staging,2024-07-26T14:33:37.523916,,0ed7bfcb-1db4-49b0-abc4-f81b5f206ab6,fraud_detection_model,8,ci-f24df04,rolling,100,success,,,security_patch,ml-staging,fraud-detection-service:8.6.15
5f532520-fe69-4d62-896f-3e8c8b7faa33,rag_qa_service,dev,2024-09-17T00:38:50.438917,,e6791ffb-1536-4fda-be5d-e9986663b67c,rag_qa_service_model,10,ci-27044c0,rolling,100,failed,post_deploy_checks,config_error,user,ml-dev,rag-qa-service-service:10.2.9
719a0bed-fedc-43c0-8b68-e4ae8d5b020a,fraud_detection,prod,2024-11-15T18:04:17.576756,,131add33-147d-4a96-87d0-d581a16ed394,fraud_detection_model,15,ci-da4caca,canary,100,success,,,user,ml-prod,fraud-detection-service:15.4.7
431ac7ee-bfc8-4da8-987b-662ce48cec57,recsys_clickthrough,staging,2024-04-05T03:40:42.193246,,f2e6e8b5-9c70-467d-9291-9fd4dc125bab,recsys_clickthrough_model,14,ci-8926940,blue_green,100,success,,,security_patch,ml-staging,recsys-clickthrough-service:14.1.3
13c50dc0-ad19-404d-af4f-0e24782c70cc,rag_qa_service,prod,2024-06-10T18:13:15.039300,,cfeeedfd-33e8-4d52-891d-35999ffb88f0,rag_qa_service_model,13,ci-33debd1,canary,50,success,,,user,ml-prod,rag-qa-service-service:13.2.14
93530182-135c-4ef4-8353-1197d95db1bd,energy_forecasting,dev,2024-03-29T06:35:11.079645,,43c0f077-66e1-4979-bcd6-7eeaa26ddfd6,energy_forecasting_model,5,ci-3c4b2ec,rolling,100,success,,,auto_retrain,ml-dev,energy-forecasting-service:5.4.0
31908b07-09f4-464c-9b35-1c46bf43592b,rag_qa_service,prod,2024-05-28T08:02:36.430036,,b5c71923-554a-4032-8cac-d6e7dd66b945,rag_qa_service_model,19,ci-21a21d4,canary,75,success,,,security_patch,ml-prod,rag-qa-service-service:19.1.3
900cb197-7678-4888-98fa-dbb89f1a893f,fraud_detection,staging,2024-10-18T01:57:35.173852,,d82b6952-59a3-4b28-9fe2-82e781f05c22,fraud_detection_model,11,ci-736900d,rolling,100,success,,,user,ml-staging,fraud-detection-service:11.1.9
e17fdc0c-7afc-44ba-a9d5-08d386ea25c4,rag_qa_service,dev,2024-07-12T21:06:43.900026,,e23e5f02-edc0-4d16-a0c9-3d4c4db6a82c,rag_qa_service_model,19,ci-fb5342c,rolling,100,success,,,user,ml-dev,rag-qa-service-service:19.1.13
f55fca15-080b-4908-9cc0-5820dc8a321b,energy_forecasting,dev,2024-06-20T02:32:48.593233,,d4ab42a7-85df-4d88-bd76-1df887efd70c,energy_forecasting_model,1,ci-4b6b8d5,blue_green,100,success,,,user,ml-dev,energy-forecasting-service:1.7.10
db04c79f-482b-4c5e-b389-efddbd964fef,fraud_detection,staging,2024-08-31T17:32:24.948420,,67115c9b-3ca9-4166-aa9f-69f8d329ecdb,fraud_detection_model,5,ci-01d9d40,rolling,100,success,,,user,ml-staging,fraud-detection-service:5.2.6
aba212a0-fd53-483d-b3db-4b8683b7c6e6,rag_qa_service,dev,2024-12-03T08:27:14.445348,,b773f8b7-8b12-482e-82d6-95343ef181c5,rag_qa_service_model,14,ci-3ae5a80,rolling,100,success,,,user,ml-dev,rag-qa-service-service:14.7.10
70da31e7-6175-4f09-88ba-3ebde96e055b,recsys_clickthrough,dev,2024-06-11T09:10:44.381404,,ac4bafa4-83af-4b52-8af1-9f4ce7e22d05,recsys_clickthrough_model,13,ci-edc5cde,rolling,100,success,,,auto_retrain,ml-dev,recsys-clickthrough-service:13.2.8
bd663eef-21bc-40cb-a4a0-a175cdce9e62,recsys_clickthrough,prod,2024-03-16T19:10:27.970994,,0e4227b0-fc6e-4718-b9dd-7ba0110fd792,recsys_clickthrough_model,18,ci-94906c0,canary,50,success,,,user,ml-prod,recsys-clickthrough-service:18.6.18
71a59bd9-d87d-4bd2-a1a2-cde35de682a8,rag_qa_service,staging,2024-04-26T09:57:30.039252,,2ded0f94-470f-44a0-9fea-c0830f917b2b,rag_qa_service_model,10,ci-fa55373,rolling,100,success,,,security_patch,ml-staging,rag-qa-service-service:10.5.20
68d4f5f2-9e88-4640-86a0-717b57abac0e,recsys_clickthrough,prod,2024-08-23T23:16:25.495862,,5d3b6383-8559-4030-8de2-d010b64afdda,recsys_clickthrough_model,17,ci-1e47d4f,canary,25,success,,,security_patch,ml-prod,recsys-clickthrough-service:17.3.19
cdaae5ae-0ae7-45f0-a007-862297e70949,rag_qa_service,staging,2024-09-12T06:04:16.828888,,87bedb8d-8f6c-4357-a56d-104aa7ac9b88,rag_qa_service_model,18,ci-2a40962,shadow,25,success,,,security_patch,ml-staging,rag-qa-service-service:18.1.15
d5c83145-4fce-4f0f-bb92-9552d63ef993,rag_qa_service,dev,2024-05-16T12:45:53.872061,,af77b69e-3075-4679-bd20-2ac64b228262,rag_qa_service_model,18,ci-0dbfc4a,rolling,100,success,,,security_patch,ml-dev,rag-qa-service-service:18.8.16
f3b20e88-a0b9-4084-9afe-1de31f0b27a4,recsys_clickthrough,dev,2024-06-15T12:51:17.080439,,0810047f-5f50-4715-bd74-3865127451a2,recsys_clickthrough_model,12,ci-a31d946,rolling,100,success,,,auto_retrain,ml-dev,recsys-clickthrough-service:12.5.9
fc5eb14f-cef3-4be2-87c0-b9ffd6ce7809,recsys_clickthrough,staging,2024-11-14T22:36:19.721011,,10169abf-1762-47a7-ae80-aa4b68043c34,recsys_clickthrough_model,7,ci-be2bb7d,blue_green,100,success,,,security_patch,ml-staging,recsys-clickthrough-service:7.2.14
04249a11-e9dd-428d-bcf3-f1ce671e1f67,energy_forecasting,prod,2024-11-24T04:45:14.923153,,20fd1b68-9814-46dc-86e1-0d35aebe6f10,energy_forecasting_model,5,ci-ae293de,blue_green,100,success,,,auto_retrain,ml-prod,energy-forecasting-service:5.6.3
065a6e9c-331a-4843-b2f2-430712ab65c9,rag_qa_service,staging,2024-11-08T15:24:04.281969,,8dab8d38-b153-42e0-a912-8701b838398c,rag_qa_service_model,3,ci-f4e5518,rolling,100,success,,,user,ml-staging,rag-qa-service-service:3.8.2
5fe0b4d9-37dd-4ace-b2ab-f97869d2af74,rag_qa_service,prod,2024-09-05T10:23:49.527193,,62fe5239-e09b-45ca-bf4b-5e9c3bc4e09f,rag_qa_service_model,20,ci-bc890c4,rolling,100,success,,,security_patch,ml-prod,rag-qa-service-service:20.5.18
3d50474d-1cb7-49d7-935c-0ec1e3829eec,rag_qa_service,dev,2024-03-30T23:06:19.123323,,20226bce-0f89-4496-978e-8886fabb5124,rag_qa_service_model,2,ci-7c2954e,blue_green,100,failed,test,config_error,user,ml-dev,rag-qa-service-service:2.7.6
80208fdf-8997-48b5-99d1-1afde58a6ef3,fraud_detection,prod,2024-12-08T11:39:38.641082,,79aeb6d7-79c8-4111-83e6-3005b327cc70,fraud_detection_model,7,ci-6b2d502,shadow,100,success,,,user,ml-prod,fraud-detection-service:7.7.14
19015cbd-9fce-4b6c-a5f6-30af961b978c,energy_forecasting,prod,2024-06-04T15:57:36.206007,,90ba619a-37e0-4fb4-b0f6-01cc87330378,energy_forecasting_model,5,ci-4f8f9cf,rolling,100,success,,,auto_retrain,ml-prod,energy-forecasting-service:5.3.15
25fda183-6507-41e4-a94b-9c105b369550,energy_forecasting,dev,2024-03-09T13:51:54.272319,,7c8cd9e8-7abe-4de3-890b-d6e70e1602ff,energy_forecasting_model,2,ci-288170c,rolling,100,success,,,auto_retrain,ml-dev,energy-forecasting-service:2.0.15
ce15fcae-9ce8-47e7-a266-426c52537d91,recsys_clickthrough,staging,2024-05-14T15:07:28.315137,,f113eb66-c2fd-40ce-9121-97f4f98cba73,recsys_clickthrough_model,16,ci-f9fe414,shadow,10,success,,,auto_retrain,ml-staging,recsys-clickthrough-service:16.0.5
3a22082c-2359-4cbe-b657-1e315185dfe4,rag_qa_service,staging,2024-03-22T03:27:44.977184,,456d759c-4b40-4fc4-b742-c4315dbf54da,rag_qa_service_model,7,ci-0280972,blue_green,100,failed,deploy,infra_error,security_patch,ml-staging,rag-qa-service-service:7.7.2
77a122ab-3277-45ea-821f-164a7a824cbe,rag_qa_service,prod,2024-03-16T06:25:55.324798,,1d5df01f-a26a-4ec3-9eeb-7ad83c9612f3,rag_qa_service_model,14,ci-53fb9c2,canary,50,success,,,user,ml-prod,rag-qa-service-service:14.1.10
f6698e70-c5d7-47e3-824a-c185db0f4c7c,fraud_detection,prod,2024-10-03T14:04:46.694449,2024-10-03T15:54:07.189430,c7b61849-10d2-4880-80b5-38a355cab84b,fraud_detection_model,10,ci-020e806,canary,100,rolled_back,post_deploy_checks,timeout,user,ml-prod,fraud-detection-service:10.9.9
26a80e04-2f31-42ca-8892-c6e14265f7f5,rag_qa_service,prod,2024-12-24T17:24:57.006204,,3c4973cb-d2ff-4cb0-85ac-76b8f520988b,rag_qa_service_model,11,ci-1307a6a,shadow,50,success,,,security_patch,ml-prod,rag-qa-service-service:11.7.10
1c64b28a-be7b-4e15-a159-788a2065ca3f,rag_qa_service,dev,2024-01-28T10:13:41.258462,,3e703c0a-8034-441f-878d-05cc487742e1,rag_qa_service_model,6,ci-409e236,blue_green,100,failed,build,infra_error,auto_retrain,ml-dev,rag-qa-service-service:6.6.4
dbd54d89-9f64-482b-b051-29485008d16a,fraud_detection,staging,2024-09-01T15:45:14.361975,,4e2b94d5-97e5-4cbb-a0b8-d7ae1ac3a158,fraud_detection_model,10,ci-b0cea4a,rolling,100,failed,build,infra_error,user,ml-staging,fraud-detection-service:10.4.12
9a224063-1d56-4258-8859-9145944b7d8f,energy_forecasting,dev,2024-03-03T04:24:43.011677,,6dfb6e89-2c47-4977-ac0a-27fc08b780b8,energy_forecasting_model,1,ci-dde1ceb,shadow,100,success,,,auto_retrain,ml-dev,energy-forecasting-service:1.7.8
354978e1-b3f2-4df4-9dae-5a7f2fed0608,recsys_clickthrough,prod,2024-05-07T21:49:59.487706,2024-05-08T04:12:24.249351,2ea5b0c4-b271-496c-8eef-67f913f940d8,recsys_clickthrough_model,17,ci-eef879f,rolling,100,rolled_back,post_deploy_checks,infra_error,user,ml-prod,recsys-clickthrough-service:17.0.12
385f0a9a-21f2-446f-8abb-99ec5b9d26ae,rag_qa_service,staging,2024-02-04T19:43:25.331139,,c9aa03ce-1b63-4820-8fca-28a347490e0b,rag_qa_service_model,10,ci-f89a795,rolling,100,success,,,auto_retrain,ml-staging,rag-qa-service-service:10.7.1
50a5c0b9-2d2a-43c4-b885-10b7cf54c511,energy_forecasting,dev,2024-05-02T11:08:05.023975,,09825c84-e8d0-42f9-889c-cf5023fc969b,energy_forecasting_model,20,ci-b5a82ef,rolling,100,success,,,auto_retrain,ml-dev,energy-forecasting-service:20.8.0
54df175d-7131-4636-813b-26d46a213566,recsys_clickthrough,dev,2024-12-06T01:24:17.335992,,d75638dd-aa50-495c-8b5f-ad97636bcb5e,recsys_clickthrough_model,18,ci-5cd5c26,rolling,100,success,,,security_patch,ml-dev,recsys-clickthrough-service:18.9.4
6e6bc5f6-11ba-4376-bbc5-908f8283c68c,recsys_clickthrough,prod,2024-09-07T04:00:03.505685,,79568e37-b481-49d7-81e7-fcde2694d587,recsys_clickthrough_model,17,ci-3fb7357,rolling,100,success,,,user,ml-prod,recsys-clickthrough-service:17.5.12
457f395c-c2fe-494a-8a5d-29dfd3973e08,fraud_detection,prod,2024-04-16T12:28:49.005273,2024-04-16T13:02:10.195352,fa87d0cf-6f35-4f18-a4ea-de90fa99b40b,fraud_detection_model,14,ci-789c13b,canary,50,rolled_back,test,healthcheck_fail,user,ml-prod,fraud-detection-service:14.5.12
2b527965-caba-4a82-8cdc-7509919b0664,recsys_clickthrough,dev,2024-06-09T23:11:40.075783,,d240e607-ebbd-43e5-a0f2-1b63421396fa,recsys_clickthrough_model,19,ci-dec3a0f,rolling,100,success,,,user,ml-dev,recsys-clickthrough-service:19.3.8
603fdf61-a851-401f-81af-96ebb3b01dd1,recsys_clickthrough,dev,2024-09-28T00:11:36.448168,,8959754c-04e0-4b1c-98e8-c7b2f0d89a90,recsys_clickthrough_model,6,ci-395b89a,rolling,100,success,,,auto_retrain,ml-dev,recsys-clickthrough-service:6.7.0
